ip_reputation_score,connection_rate,failed_login_attempts,avg_packet_size,unusual_port_access,label
51,588,8,349,0,Normal
92,889,23,1195,0,Normal
14,46,36,1135,0,BruteForce
71,672,48,884,0,BruteForce
60,463,40,1250,0,BruteForce
20,592,16,525,0,Normal
82,310,23,1254,0,Normal
86,86,20,1485,0,Normal
74,92,38,159,1,BruteForce
74,660,40,259,0,BruteForce
87,673,38,92,1,BruteForce
99,714,12,1475,0,Normal
23,936,10,1300,1,Botnet
2,928,45,797,0,BruteForce
21,242,18,777,0,Normal
52,865,10,759,0,Normal
1,2,12,445,1,Malicious
87,225,45,647,1,BruteForce
29,801,44,1060,1,Botnet
37,745,0,461,1,Normal
1,973,39,751,0,BruteForce
63,926,43,286,0,BruteForce
59,929,18,111,0,DoS
20,589,11,224,1,Normal
32,116,7,45,0,Normal
75,666,7,1269,1,Normal
57,918,44,945,1,Botnet
21,103,11,426,1,Normal
88,194,47,738,1,BruteForce
48,166,32,1139,1,BruteForce
90,871,44,1240,0,BruteForce
58,90,25,866,1,Normal
41,686,38,388,1,BruteForce
91,122,27,1318,0,Normal
59,143,4,347,1,Normal
79,994,7,1408,1,Botnet
14,106,24,1190,0,Malicious
61,887,26,326,0,Normal
61,428,45,805,0,BruteForce
46,305,22,764,1,Normal
61,872,29,801,0,Normal
50,971,44,422,0,BruteForce
54,317,46,1469,0,BruteForce
63,963,22,427,1,Botnet
2,635,48,564,0,BruteForce
50,902,46,678,1,Botnet
6,9,19,977,1,Malicious
20,774,17,315,0,Normal
72,73,17,539,1,Normal
38,359,1,756,1,Normal
17,223,3,376,0,Malicious
3,416,29,971,1,Malicious
88,553,32,520,0,BruteForce
59,370,35,950,1,BruteForce
13,716,17,1336,1,Malicious
8,264,36,1121,0,BruteForce
89,840,18,1391,0,Normal
52,690,46,148,1,BruteForce
1,860,27,1342,1,Botnet
83,318,39,367,0,BruteForce
91,84,19,354,1,Normal
59,318,48,1174,1,BruteForce
70,111,32,738,1,BruteForce
43,251,11,820,1,Normal
7,383,14,1292,0,Malicious
46,7,40,195,0,BruteForce
34,459,38,1335,0,BruteForce
77,84,1,926,0,Normal
80,208,28,1065,0,Normal
35,900,40,797,0,BruteForce
49,390,9,761,1,Normal
3,314,1,952,0,Malicious
1,22,10,1349,1,Malicious
5,410,12,910,1,Malicious
53,895,9,52,1,Botnet
3,515,13,647,0,Malicious
53,127,17,537,1,Normal
92,809,8,277,0,Normal
62,700,38,1157,1,BruteForce
17,874,27,1401,1,Botnet
89,14,2,820,0,Normal
43,971,19,1234,1,Botnet
33,978,5,645,1,Botnet
73,12,26,700,1,Normal
61,87,1,888,1,Normal
99,524,28,975,0,Normal
13,909,37,667,1,Botnet
94,537,2,182,1,Normal
47,301,15,1264,0,Normal
14,243,29,1243,1,Malicious
71,122,39,753,1,BruteForce
77,147,1,1427,1,Normal
86,567,16,518,1,Normal
61,750,40,604,0,BruteForce
39,356,11,510,1,Normal
84,685,34,423,0,BruteForce
79,904,42,965,1,Botnet
81,733,0,456,1,Normal
52,631,44,347,1,BruteForce
23,309,14,688,0,Normal
25,695,25,1430,1,Normal
88,288,36,1064,1,BruteForce
59,307,20,1107,0,Normal
40,812,48,778,0,BruteForce
28,594,30,1161,0,Normal
14,966,24,1328,0,DoS
44,914,22,179,1,Botnet
64,723,23,1300,1,Normal
88,662,37,1013,1,BruteForce
70,549,27,1056,1,Normal
8,352,20,992,0,Malicious
87,312,42,943,1,BruteForce
0,873,17,111,1,Botnet
7,59,35,1253,1,BruteForce
87,643,34,1331,1,BruteForce
62,924,44,1384,0,BruteForce
10,714,8,146,1,Malicious
80,755,37,1295,1,BruteForce
7,35,29,1105,1,Malicious
34,445,43,922,0,BruteForce
34,93,33,178,0,BruteForce
32,950,31,654,1,Botnet
4,959,2,902,1,Botnet
40,207,2,312,1,Normal
27,353,27,455,0,Normal
6,903,43,545,1,Botnet
72,332,14,772,1,Normal
71,817,40,463,1,Botnet
11,862,22,1470,0,Malicious
33,725,39,429,1,BruteForce
32,159,10,381,1,Normal
47,954,47,985,0,BruteForce
22,957,31,653,0,BruteForce
61,24,35,532,1,BruteForce
87,404,32,231,0,BruteForce
36,805,23,538,1,Botnet
98,516,38,861,0,BruteForce
43,732,33,1296,0,BruteForce
85,364,27,266,1,Normal
90,382,36,1434,1,BruteForce
34,532,6,178,1,Normal
64,956,3,895,0,DoS
98,152,36,856,1,BruteForce
46,562,0,1212,1,Normal
77,689,0,1178,1,Normal
2,947,46,1126,1,Botnet
0,608,19,143,1,Malicious
4,617,18,910,0,Malicious
89,420,28,707,1,Normal
13,250,9,312,1,Malicious
26,117,17,1069,0,Normal
8,866,27,1210,1,Botnet
78,512,34,223,1,BruteForce
14,740,42,1091,1,BruteForce
89,578,46,1182,1,BruteForce
41,335,30,332,1,Normal
76,418,26,1434,0,Normal
50,932,10,1307,0,DoS
62,774,48,1281,0,BruteForce
95,295,48,216,1,BruteForce
51,938,37,1362,0,BruteForce
95,755,4,97,1,Normal
3,371,7,1332,1,Malicious
93,186,33,347,1,BruteForce
22,246,47,1351,0,BruteForce
14,637,11,1016,0,Malicious
42,268,37,1168,0,BruteForce
28,643,0,1291,1,Normal
35,237,30,1310,0,Normal
12,530,3,739,1,Malicious
31,552,48,122,0,BruteForce
70,21,44,1249,0,BruteForce
58,911,49,291,1,Botnet
85,737,4,1418,1,Normal
27,867,29,835,0,Normal
65,794,23,936,0,Normal
41,520,2,249,0,Normal
44,100,10,855,1,Normal
61,752,44,648,1,BruteForce
56,478,3,486,0,Normal
5,599,25,499,0,Malicious
27,298,26,1007,1,Normal
27,940,45,511,0,BruteForce
43,526,42,409,1,BruteForce
83,334,26,939,1,Normal
29,2,41,962,1,BruteForce
61,375,49,176,1,BruteForce
74,293,5,406,1,Normal
91,837,14,951,1,Botnet
88,934,29,223,0,DoS
61,553,41,1350,1,BruteForce
96,318,36,511,1,BruteForce
0,502,36,1438,0,BruteForce
26,828,41,693,1,Botnet
61,381,36,788,0,BruteForce
76,623,34,576,1,BruteForce
2,14,22,841,0,Malicious
69,504,5,1313,0,Normal
71,231,3,959,1,Normal
26,985,17,549,1,Botnet
8,84,8,669,1,Malicious
61,130,48,1041,1,BruteForce
36,743,28,1136,0,Normal
96,838,12,1345,0,Normal
50,145,46,955,0,BruteForce
43,891,16,1423,1,Botnet
23,857,44,1073,0,BruteForce
78,28,31,1274,1,BruteForce
58,66,47,191,1,BruteForce
31,163,21,1068,0,Normal
95,229,3,1258,1,Normal
87,261,4,1346,0,Normal
51,449,36,503,1,BruteForce
61,424,40,1176,0,BruteForce
57,460,48,310,1,BruteForce
51,952,12,1226,0,DoS
11,676,33,499,0,BruteForce
38,301,44,144,1,BruteForce
1,919,21,1345,1,Botnet
2,303,22,201,0,Malicious
55,287,2,390,1,Normal
80,395,41,473,1,BruteForce
58,10,33,891,1,BruteForce
1,707,31,179,0,BruteForce
1,630,44,1195,0,BruteForce
91,270,48,126,1,BruteForce
53,592,20,222,1,Normal
86,970,45,407,0,BruteForce
95,605,43,168,1,BruteForce
96,778,20,1309,0,Normal
0,844,43,709,1,Botnet
18,862,10,1441,1,Botnet
1,361,38,188,1,BruteForce
52,257,3,1024,0,Normal
43,133,0,891,0,Normal
89,276,27,1496,0,Normal
31,776,23,667,0,Normal
69,683,34,485,1,BruteForce
31,972,12,923,1,Botnet
67,513,46,333,0,BruteForce
54,313,33,1206,1,BruteForce
74,576,10,289,1,Normal
55,886,35,917,0,BruteForce
16,980,16,987,1,Botnet
37,284,34,1014,1,BruteForce
23,121,17,1365,0,Normal
68,107,39,1088,1,BruteForce
97,933,21,828,1,Botnet
69,687,23,1023,1,Normal
85,997,18,928,0,DoS
10,204,36,929,0,BruteForce
15,165,38,109,1,BruteForce
96,305,20,664,1,Normal
72,497,7,914,1,Normal
58,632,27,1175,0,Normal
69,556,4,1427,0,Normal
79,824,16,1366,0,Normal
92,156,36,510,1,BruteForce
2,367,35,130,1,BruteForce
19,719,18,569,1,Malicious
58,902,26,700,1,Botnet
35,620,33,778,1,BruteForce
18,251,10,765,0,Malicious
89,957,44,911,1,Botnet
66,916,46,231,1,Botnet
18,882,11,1305,1,Botnet
19,334,20,177,0,Malicious
95,642,10,384,1,Normal
70,969,38,1243,0,BruteForce
51,511,27,1048,0,Normal
32,293,4,542,0,Normal
39,20,16,242,0,Normal
38,282,19,612,0,Normal
81,797,40,231,1,BruteForce
0,1,45,44,1,BruteForce
10,119,11,1300,0,Malicious
91,35,5,350,0,Normal
56,198,16,588,0,Normal
88,485,18,95,1,Normal
49,757,25,482,1,Normal
22,59,47,1300,0,BruteForce
30,837,43,909,1,Botnet
93,161,43,1260,1,BruteForce
41,691,31,624,0,BruteForce
98,206,5,791,0,Normal
6,12,35,399,1,BruteForce
15,490,37,858,1,BruteForce
89,276,10,69,1,Normal
59,693,32,147,0,BruteForce
1,242,23,883,0,Malicious
0,216,22,756,0,Malicious
47,251,14,930,1,Normal
11,811,26,999,1,Botnet
68,126,10,932,0,Normal
36,994,49,771,1,Botnet
31,217,16,645,0,Normal
8,306,13,496,1,Malicious
98,797,26,654,0,Normal
18,185,17,737,1,Malicious
47,39,27,713,1,Normal
79,223,46,1310,0,BruteForce
2,184,46,582,0,BruteForce
19,495,3,896,0,Malicious
23,427,6,936,0,Normal
53,178,44,317,0,BruteForce
32,919,34,591,1,Botnet
23,428,47,150,0,BruteForce
74,294,8,424,0,Normal
71,852,7,800,0,Normal
35,151,44,1254,0,BruteForce
37,384,16,733,0,Normal
83,638,16,1489,1,Normal
98,813,48,444,0,BruteForce
88,308,32,1398,0,BruteForce
98,336,31,1272,0,BruteForce
24,946,7,61,1,Botnet
92,746,18,717,1,Normal
17,892,37,650,0,BruteForce
81,375,2,1271,0,Normal
65,8,4,47,1,Normal
53,341,12,741,1,Normal
34,129,46,568,1,BruteForce
79,776,45,641,0,BruteForce
60,669,30,696,0,Normal
40,352,15,205,1,Normal
99,358,49,888,0,BruteForce
32,517,31,535,1,BruteForce
67,495,21,629,1,Normal
32,86,28,468,1,Normal
13,175,21,813,0,Malicious
20,802,42,202,1,Botnet
47,193,2,405,1,Normal
19,311,9,1302,0,Malicious
7,119,41,111,1,BruteForce
6,218,20,694,0,Malicious
66,427,15,308,1,Normal
16,970,11,454,0,DoS
32,414,1,1308,1,Normal
47,114,40,1055,1,BruteForce
75,978,23,714,1,Botnet
58,145,34,1123,1,BruteForce
85,538,29,45,1,Normal
21,648,29,1021,0,Normal
29,303,46,609,0,BruteForce
37,744,34,446,1,BruteForce
50,881,18,1280,1,Botnet
53,588,49,65,1,BruteForce
7,987,7,1068,0,DoS
26,840,25,1025,0,Normal
26,345,48,429,1,BruteForce
97,814,39,749,0,BruteForce
20,964,6,610,1,Botnet
29,801,29,793,1,Botnet
96,1,6,185,1,Normal
27,147,2,1451,0,Normal
63,287,0,824,1,Normal
96,976,35,1312,1,Botnet
68,654,24,565,1,Normal
60,53,36,52,0,BruteForce
47,304,0,942,0,Normal
18,69,14,423,0,Malicious
3,361,36,595,1,BruteForce
34,602,12,926,0,Normal
63,958,39,1462,1,Botnet
48,220,7,58,0,Normal
16,962,4,614,1,Botnet
43,704,8,790,0,Normal
91,966,0,1043,1,Botnet
29,575,35,458,0,BruteForce
92,585,34,1400,0,BruteForce
45,161,1,458,0,Normal
5,681,39,161,1,BruteForce
98,89,22,471,0,Normal
36,688,8,83,0,Normal
23,781,33,1380,0,BruteForce
92,585,45,420,0,BruteForce
45,757,13,184,1,Normal
52,589,3,1390,0,Normal
94,159,29,402,1,Normal
98,489,30,1113,1,Normal
59,971,37,1128,1,Botnet
96,324,10,394,1,Normal
62,610,34,839,0,BruteForce
84,381,7,1227,1,Normal
31,102,2,1204,1,Normal
86,494,13,865,1,Normal
32,644,12,1191,1,Normal
66,614,44,437,0,BruteForce
17,19,31,919,0,BruteForce
24,454,33,502,1,BruteForce
94,482,44,847,1,BruteForce
53,594,18,226,1,Normal
57,397,37,771,0,BruteForce
66,279,15,1253,0,Normal
45,851,1,1451,0,Normal
23,365,39,468,0,BruteForce
31,331,16,897,0,Normal
46,641,33,1347,1,BruteForce
85,344,41,276,0,BruteForce
22,822,15,1257,0,Normal
65,455,37,1350,1,BruteForce
26,601,1,810,0,Normal
1,725,1,797,0,Malicious
89,655,25,175,0,Normal
16,65,12,831,1,Malicious
32,76,46,210,0,BruteForce
8,711,30,198,1,Malicious
42,143,33,240,1,BruteForce
47,917,38,1001,0,BruteForce
38,915,2,622,0,DoS
92,828,7,915,0,Normal
41,605,22,410,0,Normal
25,473,13,142,1,Normal
98,417,26,1041,0,Normal
49,305,28,1188,1,Normal
24,736,38,1376,1,BruteForce
23,497,38,1015,1,BruteForce
12,291,0,837,1,Malicious
59,940,16,1293,1,Botnet
6,102,40,697,0,BruteForce
56,986,29,921,1,Botnet
35,267,12,1260,1,Normal
44,867,20,772,0,Normal
19,968,18,462,0,DoS
64,622,18,611,1,Normal
7,974,24,210,1,Botnet
15,842,21,1445,0,Malicious
13,962,30,212,1,Botnet
75,942,16,702,0,DoS
86,777,22,492,0,Normal
14,3,31,389,1,BruteForce
91,85,9,533,0,Normal
97,794,9,659,1,Normal
65,328,35,1067,1,BruteForce
31,816,7,1156,1,Botnet
86,450,19,958,0,Normal
62,454,31,45,1,BruteForce
85,924,49,327,0,BruteForce
50,629,13,1209,1,Normal
24,221,49,1487,1,BruteForce
57,154,27,647,0,Normal
62,665,45,496,1,BruteForce
61,12,23,1265,1,Normal
21,133,14,1275,0,Normal
57,994,21,1069,0,DoS
57,304,29,663,0,Normal
85,293,3,415,1,Normal
48,975,12,486,0,DoS
51,300,22,874,0,Normal
41,740,7,1169,1,Normal
69,783,17,850,0,Normal
14,43,11,1464,1,Malicious
53,944,30,1159,1,Botnet
59,343,13,1451,0,Normal
96,326,33,998,1,BruteForce
7,814,17,888,0,Malicious
52,498,33,848,0,BruteForce
59,364,10,1018,0,Normal
4,891,40,455,0,BruteForce
67,427,11,765,1,Normal
5,21,48,493,1,BruteForce
95,407,14,1354,0,Normal
93,619,30,1256,0,Normal
46,336,48,189,1,BruteForce
98,815,28,798,0,Normal
54,117,25,818,1,Normal
39,124,17,1012,0,Normal
51,399,31,802,1,BruteForce
15,793,21,1041,1,Malicious
12,804,37,1456,1,Botnet
29,715,16,1379,0,Normal
18,51,22,115,0,Malicious
16,783,23,638,0,Malicious
62,324,49,1333,0,BruteForce
18,789,7,264,0,Malicious
91,141,40,152,1,BruteForce
57,470,5,290,1,Normal
54,787,4,1296,1,Normal
89,802,43,880,1,Botnet
89,334,28,753,1,Normal
61,893,27,1146,1,Botnet
22,964,10,164,1,Botnet
8,373,0,1238,0,Malicious
11,564,42,1132,1,BruteForce
0,494,18,1110,0,Malicious
57,539,8,923,1,Normal
0,669,26,1319,1,Malicious
33,751,33,69,0,BruteForce
95,156,43,320,1,BruteForce
47,291,3,963,0,Normal
88,648,35,1300,1,BruteForce
0,144,17,1311,0,Malicious
15,106,14,407,1,Malicious
60,420,12,534,0,Normal
63,670,18,1088,0,Normal
62,658,48,757,1,BruteForce
68,2,5,1056,1,Normal
21,945,47,1377,0,BruteForce
92,589,11,645,1,Normal
66,644,36,414,0,BruteForce
75,90,16,678,1,Normal
25,345,22,1088,0,Normal
15,350,25,1397,1,Malicious
50,459,28,1418,0,Normal
85,263,32,155,1,BruteForce
56,351,26,87,0,Normal
28,108,24,138,0,Normal
77,586,9,444,1,Normal
91,39,46,1277,1,BruteForce
68,909,22,724,0,DoS
46,159,20,942,0,Normal
93,583,20,542,0,Normal
61,959,42,933,0,BruteForce
68,312,12,297,1,Normal
75,241,36,883,0,BruteForce
15,938,32,160,0,BruteForce
89,445,23,849,0,Normal
89,298,43,1017,1,BruteForce
47,952,10,93,0,DoS
84,36,16,1058,1,Normal
38,84,3,1394,1,Normal
99,452,46,823,1,BruteForce
32,886,24,280,1,Botnet
93,775,29,522,1,Normal
22,822,8,1052,1,Botnet
9,385,20,226,1,Malicious
68,172,19,695,0,Normal
99,376,18,301,0,Normal
33,685,18,992,1,Normal
51,362,11,1427,0,Normal
94,559,36,530,0,BruteForce
9,891,41,470,1,Botnet
18,141,16,278,0,Malicious
57,887,36,343,1,Botnet
95,918,47,337,0,BruteForce
0,118,38,115,1,BruteForce
68,277,27,1396,1,Normal
3,726,40,1038,0,BruteForce
15,220,34,681,0,BruteForce
23,905,46,866,1,Botnet
79,26,47,322,1,BruteForce
1,521,17,630,1,Malicious
91,783,13,111,0,Normal
31,10,34,1326,0,BruteForce
90,984,43,742,0,BruteForce
83,378,40,614,0,BruteForce
23,633,6,1039,1,Normal
11,637,40,931,1,BruteForce
49,682,12,51,1,Normal
34,584,17,180,1,Normal
32,152,36,56,0,BruteForce
32,720,12,1126,1,Normal
60,49,35,292,1,BruteForce
50,154,30,504,0,Normal
42,859,1,415,0,Normal
11,293,15,1020,1,Malicious
66,580,8,559,0,Normal
64,50,8,129,1,Normal
32,664,37,759,0,BruteForce
39,531,10,843,0,Normal
73,612,21,835,1,Normal
42,60,32,669,0,BruteForce
43,167,35,1238,1,BruteForce
28,202,44,115,0,BruteForce
12,857,22,965,0,Malicious
11,146,44,439,0,BruteForce
94,915,44,1009,0,BruteForce
45,676,33,1134,0,BruteForce
1,970,8,1243,1,Botnet
34,993,23,1187,0,DoS
86,439,7,1444,1,Normal
80,242,6,1356,0,Normal
89,581,35,836,1,BruteForce
7,687,17,234,0,Malicious
92,561,2,267,1,Normal
25,483,27,1494,1,Normal
73,108,5,1499,0,Normal
89,226,43,500,0,BruteForce
33,673,43,657,0,BruteForce
6,631,20,1084,1,Malicious
67,661,27,103,1,Normal
57,977,39,204,0,BruteForce
74,662,0,66,0,Normal
28,432,35,1374,1,BruteForce
35,805,20,1051,1,Botnet
88,655,42,324,0,BruteForce
20,419,34,320,1,BruteForce
35,988,12,877,0,DoS
9,455,48,870,0,BruteForce
72,160,9,1227,0,Normal
23,523,43,957,1,BruteForce
63,650,46,263,1,BruteForce
98,969,9,823,1,Botnet
48,590,45,1209,1,BruteForce
98,77,12,1004,0,Normal
35,509,36,989,1,BruteForce
81,441,37,1093,0,BruteForce
95,254,23,84,0,Normal
23,921,1,510,0,DoS
22,770,21,73,1,Normal
61,320,16,692,0,Normal
95,803,35,1490,0,BruteForce
36,263,13,869,1,Normal
11,597,9,260,0,Malicious
54,658,34,573,1,BruteForce
12,835,24,731,1,Botnet
22,554,2,1430,1,Normal
88,374,46,971,0,BruteForce
98,637,37,880,1,BruteForce
29,167,16,1050,1,Normal
16,937,11,621,1,Botnet
61,753,23,1179,1,Normal
83,459,28,278,0,Normal
88,999,42,1398,1,Botnet
85,280,24,480,0,Normal
12,700,35,187,1,BruteForce
58,302,25,1072,0,Normal
18,531,37,1351,1,BruteForce
48,580,0,427,0,Normal
99,218,19,1113,1,Normal
11,102,27,955,0,Malicious
60,554,15,677,0,Normal
18,288,46,317,0,BruteForce
75,167,16,1028,1,Normal
8,621,39,1363,0,BruteForce
70,36,27,628,0,Normal
27,744,11,688,0,Normal
77,741,26,657,0,Normal
94,353,41,174,1,BruteForce
51,676,46,619,0,BruteForce
82,899,29,1210,0,Normal
15,73,40,529,0,BruteForce
68,648,33,517,1,BruteForce
98,353,36,1222,0,BruteForce
11,891,5,423,0,Malicious
24,70,6,202,0,Normal
51,425,31,480,0,BruteForce
84,999,31,1252,1,Botnet
99,708,24,454,0,Normal
52,781,32,1402,0,BruteForce
22,561,6,1244,1,Normal
15,828,11,327,1,Botnet
56,642,15,226,1,Normal
38,956,15,1201,0,DoS
52,517,42,169,1,BruteForce
41,428,35,233,0,BruteForce
57,539,12,355,1,Normal
38,160,6,183,0,Normal
13,149,35,55,1,BruteForce
94,776,46,1365,0,BruteForce
4,230,8,462,1,Malicious
34,712,31,284,0,BruteForce
86,562,10,966,0,Normal
92,67,7,1170,0,Normal
74,812,32,1151,0,BruteForce
17,381,22,168,0,Malicious
75,58,24,946,0,Normal
8,259,7,926,0,Malicious
73,342,44,380,0,BruteForce
57,838,21,43,1,Botnet
16,130,3,1390,0,Malicious
6,727,39,1473,0,BruteForce
45,172,2,345,1,Normal
12,770,28,947,0,Malicious
39,614,40,646,1,BruteForce
41,209,28,1288,0,Normal
8,803,33,1411,1,Botnet
49,354,33,1031,1,BruteForce
26,471,27,360,0,Normal
65,798,12,598,1,Normal
4,116,14,1244,0,Malicious
28,264,22,657,0,Normal
36,662,43,750,0,BruteForce
37,812,25,1449,0,Normal
82,442,3,1171,1,Normal
7,548,25,570,0,Malicious
64,453,39,449,1,BruteForce
85,845,8,1359,1,Botnet
16,477,4,857,0,Malicious
70,287,31,1234,0,BruteForce
88,303,19,1394,0,Normal
44,311,49,532,0,BruteForce
3,208,10,1258,1,Malicious
35,618,14,51,0,Normal
69,446,31,234,1,BruteForce
30,670,27,529,0,Normal
18,633,21,834,0,Malicious
60,55,40,920,0,BruteForce
53,912,16,221,0,DoS
38,12,25,1001,1,Normal
90,657,43,695,1,BruteForce
73,400,6,1379,0,Normal
89,908,41,733,1,Botnet
18,648,25,69,1,Malicious
38,980,24,1159,0,DoS
66,515,9,1444,0,Normal
44,656,44,817,1,BruteForce
12,542,18,483,1,Malicious
91,237,10,337,1,Normal
57,279,12,847,1,Normal
19,348,7,884,0,Malicious
91,627,39,1055,0,BruteForce
71,104,3,1424,1,Normal
60,630,46,1437,0,BruteForce
38,517,30,593,1,Normal
0,980,27,342,1,Botnet
2,872,10,460,0,Malicious
76,248,42,1309,1,BruteForce
91,364,0,1300,1,Normal
61,321,48,224,0,BruteForce
62,633,46,507,0,BruteForce
24,286,37,793,1,BruteForce
55,149,23,402,1,Normal
32,84,46,1346,0,BruteForce
37,966,30,375,1,Botnet
5,406,40,201,1,BruteForce
57,978,45,1223,0,BruteForce
43,456,49,1385,0,BruteForce
44,743,25,51,0,Normal
31,800,48,1487,0,BruteForce
44,161,49,1136,0,BruteForce
60,784,4,627,0,Normal
46,460,19,240,1,Normal
20,550,40,561,1,BruteForce
79,500,10,544,0,Normal
84,738,32,827,0,BruteForce
74,509,49,1102,1,BruteForce
35,654,37,99,1,BruteForce
98,804,26,617,1,Botnet
18,481,33,360,0,BruteForce
19,663,14,1498,0,Malicious
56,114,31,1471,1,BruteForce
17,749,20,962,0,Malicious
46,578,45,1449,0,BruteForce
48,361,4,608,0,Normal
13,341,5,1141,1,Malicious
14,770,37,1257,1,BruteForce
30,987,21,1348,0,DoS
0,761,17,566,0,Malicious
53,969,13,563,0,DoS
2,449,9,652,0,Malicious
15,843,45,1219,0,BruteForce
86,835,12,1403,1,Botnet
56,180,30,164,0,Normal
74,702,29,910,0,Normal
11,407,2,319,0,Malicious
73,666,29,956,1,Normal
95,196,5,661,1,Normal
15,466,28,885,0,Malicious
71,311,7,713,1,Normal
75,262,43,1191,1,BruteForce
23,419,44,353,1,BruteForce
27,406,42,371,1,BruteForce
7,939,43,1213,1,Botnet
91,143,32,75,1,BruteForce
35,342,16,1483,0,Normal
89,316,47,1085,1,BruteForce
7,101,10,245,1,Malicious
57,244,12,678,0,Normal
59,490,49,887,0,BruteForce
49,12,10,1419,0,Normal
27,239,30,479,0,Normal
91,561,27,768,1,Normal
40,42,43,1159,1,BruteForce
99,678,5,980,1,Normal
63,594,40,203,1,BruteForce
26,429,15,187,0,Normal
62,803,3,333,1,Botnet
16,158,34,234,1,BruteForce
72,216,47,702,0,BruteForce
32,670,25,519,1,Normal
83,462,11,162,1,Normal
76,134,10,1463,1,Normal
91,67,36,738,1,BruteForce
28,848,24,1004,0,Normal
12,7,17,700,0,Malicious
45,948,18,1167,0,DoS
34,526,22,749,0,Normal
5,73,37,435,0,BruteForce
81,399,17,951,1,Normal
68,405,25,1400,1,Normal
46,675,5,1044,0,Normal
24,578,3,1205,0,Normal
65,859,43,356,0,BruteForce
9,130,28,1464,1,Malicious
55,931,33,720,0,BruteForce
29,466,16,1373,1,Normal
4,206,42,534,1,BruteForce
32,788,42,595,1,BruteForce
64,978,15,649,1,Botnet
17,768,1,148,0,Malicious
95,266,33,411,1,BruteForce
48,537,7,894,1,Normal
10,962,12,655,0,DoS
84,793,41,807,1,BruteForce
25,253,7,245,1,Normal
62,822,29,886,1,Botnet
88,289,31,82,0,BruteForce
85,164,35,904,1,BruteForce
58,95,46,1308,1,BruteForce
26,782,29,1350,0,Normal
48,833,0,1418,0,Normal
76,110,42,824,1,BruteForce
32,336,38,515,1,BruteForce
97,822,16,122,0,Normal
98,238,19,1173,1,Normal
0,381,23,229,0,Malicious
20,436,49,839,1,BruteForce
54,899,21,975,0,Normal
5,483,28,290,1,Malicious
91,937,21,330,0,DoS
80,902,43,1264,0,BruteForce
68,25,8,365,0,Normal
94,653,36,1472,0,BruteForce
4,117,9,876,0,Malicious
2,482,35,547,1,BruteForce
52,392,36,770,1,BruteForce
22,917,27,111,0,DoS
52,994,27,1310,1,Botnet
36,964,41,680,1,Botnet
73,537,42,979,1,BruteForce
73,79,20,647,1,Normal
82,580,23,605,1,Normal
16,173,41,1407,1,BruteForce
84,956,39,93,0,BruteForce
77,12,1,567,1,Normal
72,800,7,650,1,Normal
0,128,47,232,1,BruteForce
50,608,26,97,0,Normal
44,92,21,1174,1,Normal
76,653,36,168,1,BruteForce
3,543,26,745,1,Malicious
61,846,28,891,0,Normal
64,532,2,1389,1,Normal
31,658,43,47,0,BruteForce
33,989,12,68,1,Botnet
91,828,44,1175,0,BruteForce
94,447,9,986,0,Normal
71,390,35,170,0,BruteForce
38,672,8,227,1,Normal
25,861,26,748,0,Normal
33,43,33,1427,0,BruteForce
53,254,0,1267,0,Normal
2,130,31,251,0,BruteForce
49,60,24,315,1,Normal
11,663,28,1136,1,Malicious
64,467,6,282,1,Normal
53,287,48,1165,1,BruteForce
4,517,2,1026,0,Malicious
93,467,19,724,1,Normal
93,930,19,210,0,DoS
56,778,29,692,1,Normal
16,345,34,227,1,BruteForce
46,642,34,1149,1,BruteForce
22,382,48,91,0,BruteForce
78,779,38,150,1,BruteForce
84,690,26,916,1,Normal
13,253,25,1106,1,Malicious
65,927,13,250,0,DoS
74,56,16,1263,1,Normal
50,463,17,897,1,Normal
37,457,44,666,0,BruteForce
63,983,28,1089,0,DoS
97,83,19,338,1,Normal
37,905,26,1140,1,Botnet
49,99,17,963,1,Normal
97,149,3,176,0,Normal
81,329,0,1083,0,Normal
29,156,49,479,0,BruteForce
78,190,0,250,1,Normal
90,494,25,791,0,Normal
50,883,44,474,1,Botnet
62,263,19,819,0,Normal
97,80,22,1270,0,Normal
51,400,9,478,0,Normal
37,764,10,705,1,Normal
96,609,40,1105,1,BruteForce
87,260,40,450,1,BruteForce
78,772,4,845,1,Normal
29,615,0,649,0,Normal
50,552,16,466,1,Normal
80,785,21,1338,0,Normal
4,101,33,941,1,BruteForce
28,359,44,981,1,BruteForce
3,380,40,781,0,BruteForce
9,820,28,1432,0,Malicious
55,221,3,1283,1,Normal
16,820,4,1295,1,Botnet
73,420,10,367,0,Normal
16,124,20,91,0,Malicious
83,422,34,415,0,BruteForce
87,231,11,302,0,Normal
68,690,25,306,0,Normal
33,63,18,398,1,Normal
5,485,44,1380,1,BruteForce
52,628,6,1387,1,Normal
65,703,46,691,1,BruteForce
76,574,6,1484,0,Normal
42,768,25,85,0,Normal
74,483,39,639,0,BruteForce
22,519,4,759,1,Normal
54,155,20,1332,0,Normal
79,92,13,640,0,Normal
94,982,3,420,1,Botnet
74,526,22,157,1,Normal
15,455,41,155,1,BruteForce
7,741,19,299,0,Malicious
3,598,14,1138,0,Malicious
3,645,49,344,1,BruteForce
55,510,44,46,1,BruteForce
24,183,28,405,0,Normal
66,386,7,562,1,Normal
95,574,40,1411,0,BruteForce
66,731,47,1278,1,BruteForce
26,405,18,468,1,Normal
92,246,47,830,1,BruteForce
31,742,38,786,0,BruteForce
49,591,45,406,0,BruteForce
60,661,27,352,1,Normal
50,650,45,577,0,BruteForce
18,471,26,960,1,Malicious
20,826,3,1117,1,Botnet
4,888,14,904,0,Malicious
81,423,34,1227,0,BruteForce
91,901,36,821,0,BruteForce
41,65,0,373,0,Normal
60,13,2,837,1,Normal
21,213,46,387,0,BruteForce
20,986,23,312,0,DoS
69,242,26,1002,1,Normal
0,493,39,759,1,BruteForce
4,213,35,1477,1,BruteForce
11,693,33,539,1,BruteForce
89,338,28,1156,0,Normal
45,997,23,724,0,DoS
33,173,23,118,1,Normal
48,672,41,661,1,BruteForce
77,164,3,1280,0,Normal
89,465,2,986,0,Normal
44,995,33,397,0,BruteForce
26,497,48,657,0,BruteForce
72,700,22,546,0,Normal
25,395,22,1244,1,Normal
46,703,44,615,1,BruteForce
85,917,4,1309,1,Botnet
55,308,30,283,1,Normal
93,768,40,545,0,BruteForce
62,183,5,461,1,Normal
47,629,36,1383,0,BruteForce
60,794,9,1150,0,Normal
80,510,39,256,0,BruteForce
25,708,6,1341,0,Normal
35,546,38,1048,0,BruteForce
0,564,37,1232,0,BruteForce
7,624,20,369,0,Malicious
98,764,19,689,1,Normal
51,594,2,430,0,Normal
78,744,21,420,1,Normal
46,227,46,1369,1,BruteForce
55,745,3,781,0,Normal
85,733,27,859,0,Normal
13,436,11,712,1,Malicious
89,925,37,552,1,Botnet
27,422,35,988,1,BruteForce
86,554,46,1251,1,BruteForce
77,21,40,969,0,BruteForce
87,554,4,952,0,Normal
1,397,12,683,0,Malicious
25,625,22,466,1,Normal
13,105,49,541,0,BruteForce
58,192,29,769,1,Normal
55,17,36,1323,0,BruteForce
6,120,24,110,1,Malicious
2,393,47,517,0,BruteForce
22,425,26,1241,0,Normal
17,129,13,496,1,Malicious
37,130,47,228,1,BruteForce
98,572,46,330,1,BruteForce
14,560,35,959,1,BruteForce
63,29,38,331,1,BruteForce
88,97,15,795,0,Normal
27,10,21,1346,1,Normal
73,242,20,416,0,Normal
38,826,20,1219,0,Normal
56,956,7,547,0,DoS
16,232,48,1476,0,BruteForce
85,789,15,567,0,Normal
89,284,30,1418,1,Normal
43,715,41,598,1,BruteForce
24,759,9,1250,0,Normal
16,802,31,1094,0,BruteForce
12,776,33,299,1,BruteForce
83,955,8,460,1,Botnet
24,726,16,343,0,Normal
67,200,10,981,1,Normal
9,945,31,1102,1,Botnet
66,79,9,581,1,Normal
17,913,21,1341,0,DoS
99,956,16,1266,1,Botnet
85,855,3,1129,0,Normal
33,856,47,147,0,BruteForce
7,173,46,307,0,BruteForce
39,467,24,261,0,Normal
82,581,20,1153,0,Normal
41,416,36,732,1,BruteForce
40,940,37,294,0,BruteForce
5,449,48,292,0,BruteForce
51,87,0,296,0,Normal
25,101,24,422,1,Normal
63,8,35,481,1,BruteForce
97,845,16,638,1,Botnet
58,200,40,1153,1,BruteForce
55,505,23,429,1,Normal
58,87,1,621,1,Normal
69,43,39,1107,1,BruteForce
32,385,14,637,0,Normal
52,621,31,58,0,BruteForce
21,435,38,1164,1,BruteForce
20,408,5,646,0,Normal
69,483,0,1420,0,Normal
69,664,46,72,1,BruteForce
3,17,22,1292,0,Malicious
93,645,38,901,0,BruteForce
74,148,16,194,1,Normal
61,277,33,1486,0,BruteForce
61,232,40,944,1,BruteForce
93,826,28,1309,1,Botnet
94,927,8,444,0,DoS
23,366,12,883,0,Normal
54,228,5,1224,0,Normal
8,651,5,786,1,Malicious
2,436,19,1180,1,Malicious
30,399,2,310,1,Normal
39,211,16,809,0,Normal
35,391,48,211,0,BruteForce
23,499,11,313,1,Normal
94,540,47,298,0,BruteForce
5,563,46,1198,0,BruteForce
65,491,44,461,1,BruteForce
83,442,0,1484,1,Normal
91,261,16,1249,0,Normal
74,773,2,403,1,Normal
3,350,25,417,0,Malicious
78,352,14,619,1,Normal
5,520,35,930,1,BruteForce
93,320,31,761,1,BruteForce
50,138,31,1259,0,BruteForce
61,550,3,920,0,Normal
56,623,17,1161,1,Normal
65,992,48,644,1,Botnet
78,368,18,61,1,Normal
74,220,42,1235,0,BruteForce
7,337,34,422,1,BruteForce
25,223,39,173,1,BruteForce
50,648,13,1489,1,Normal
44,768,32,1088,1,BruteForce
43,360,13,542,0,Normal
4,921,33,1248,0,BruteForce
69,329,3,1148,1,Normal
25,962,23,183,0,DoS
67,463,28,1475,0,Normal
18,946,18,263,0,DoS
83,963,5,259,1,Botnet
96,561,32,218,0,BruteForce
19,804,48,472,0,BruteForce
11,382,39,304,0,BruteForce
46,836,18,993,1,Botnet
0,590,0,468,1,Malicious
89,617,4,455,0,Normal
13,169,26,766,0,Malicious
63,217,15,236,1,Normal
37,378,5,1116,1,Normal
36,119,39,519,0,BruteForce
10,190,12,1393,0,Malicious
99,767,47,1314,1,BruteForce
76,370,34,929,1,BruteForce
2,778,18,964,0,Malicious
32,149,11,162,1,Normal
5,676,15,1450,0,Malicious
49,652,42,1402,0,BruteForce
9,859,9,817,0,Malicious
4,488,24,387,1,Malicious
22,770,19,68,0,Normal
9,374,30,1014,0,Malicious
43,781,3,74,1,Normal
1,693,43,1459,1,BruteForce
12,160,22,662,0,Malicious
39,351,1,1357,0,Normal
1,912,21,628,1,Botnet
83,288,36,1412,1,BruteForce
64,288,7,1210,1,Normal
62,892,6,1130,0,Normal
72,226,13,943,0,Normal
16,523,2,559,0,Malicious
8,522,49,161,1,BruteForce
74,783,15,379,0,Normal
14,273,18,214,1,Malicious
23,936,17,636,0,DoS
37,402,15,490,1,Normal
34,183,7,596,0,Normal
93,969,32,1199,0,BruteForce
94,665,48,1079,1,BruteForce
48,488,11,1396,1,Normal
68,827,10,1258,0,Normal
61,846,4,48,1,Botnet
59,124,26,373,1,Normal
49,985,11,1396,0,DoS
77,626,16,1056,1,Normal
74,790,5,366,0,Normal
8,414,32,54,0,BruteForce
33,980,4,878,1,Botnet
75,725,27,265,1,Normal
98,172,13,1488,0,Normal
34,288,4,1471,0,Normal
0,435,32,152,0,BruteForce
39,686,49,1491,0,BruteForce
63,113,47,40,0,BruteForce
21,888,40,305,0,BruteForce
59,917,18,1271,1,Botnet
63,995,21,991,1,Botnet
92,122,4,1432,1,Normal
71,544,1,345,0,Normal
10,222,29,51,1,Malicious
13,631,46,1408,0,BruteForce
59,39,38,1431,0,BruteForce
29,497,3,976,1,Normal
34,780,32,459,0,BruteForce
84,233,12,928,0,Normal
36,943,19,210,0,DoS
4,530,6,173,0,Malicious
82,149,14,1004,0,Normal
77,397,22,1490,0,Normal
25,661,13,1088,1,Normal
61,638,22,1253,0,Normal
3,904,18,1204,0,DoS
88,302,28,697,0,Normal
41,360,19,1378,0,Normal
88,238,28,1382,1,Normal
17,647,23,1155,1,Malicious
39,663,17,218,0,Normal
71,236,9,1119,0,Normal
38,736,40,1218,0,BruteForce
13,203,7,150,1,Malicious
31,256,25,176,1,Normal
50,598,28,271,1,Normal
37,662,9,1031,1,Normal
96,235,16,507,0,Normal
22,345,1,771,1,Normal
62,534,5,520,1,Normal
14,860,4,1131,0,Malicious
96,797,27,853,0,Normal
24,781,40,1312,1,BruteForce
16,466,4,1033,1,Malicious
96,770,17,362,1,Normal
65,541,25,961,1,Normal
77,213,19,943,0,Normal
52,463,40,1495,0,BruteForce
50,436,48,645,1,BruteForce
38,283,26,468,1,Normal
50,562,48,1332,1,BruteForce
69,607,11,187,1,Normal
5,463,6,1181,1,Malicious
66,407,2,889,0,Normal
6,88,9,406,0,Malicious
50,44,33,889,0,BruteForce
71,461,24,1129,1,Normal
41,278,34,852,1,BruteForce
63,683,15,1433,0,Normal
14,421,1,214,0,Malicious
28,701,23,627,1,Normal
32,353,9,534,0,Normal
93,696,37,1012,1,BruteForce
26,515,21,1177,1,Normal
35,703,25,1174,0,Normal
28,630,42,1210,0,BruteForce
37,19,38,74,0,BruteForce
56,23,26,1038,1,Normal
96,413,28,1372,1,Normal
26,30,46,577,0,BruteForce
54,807,37,789,1,Botnet
32,108,19,1077,1,Normal
67,367,26,413,1,Normal
85,281,40,596,0,BruteForce
65,128,19,1491,1,Normal
9,229,43,272,0,BruteForce
4,111,18,744,0,Malicious
73,136,19,602,1,Normal
96,362,34,978,0,BruteForce
37,186,46,926,1,BruteForce
12,656,1,765,0,Malicious
30,584,29,1338,0,Normal
46,129,33,115,1,BruteForce
99,876,21,478,0,Normal
87,261,2,738,0,Normal
51,515,5,1352,0,Normal
55,449,14,954,1,Normal
14,900,26,930,1,Botnet
28,104,9,731,0,Normal
7,483,8,292,0,Malicious
4,224,32,1189,0,BruteForce
28,832,31,1240,1,Botnet
46,874,47,1100,1,Botnet
67,866,5,449,0,Normal
75,491,40,166,1,BruteForce
44,473,35,1231,1,BruteForce
1,10,1,631,1,Malicious
26,405,28,333,1,Normal
94,896,3,1406,0,Normal
35,302,0,1059,1,Normal
35,231,18,349,1,Normal
25,731,25,701,0,Normal
42,923,24,567,0,DoS
26,66,9,579,1,Normal
68,937,14,458,1,Botnet
19,112,21,483,0,Malicious
10,13,47,724,0,BruteForce
73,393,20,879,0,Normal
37,500,21,275,1,Normal
5,932,35,253,1,Botnet
71,598,33,124,0,BruteForce
22,234,29,833,1,Normal
46,602,24,124,0,Normal
89,314,44,104,1,BruteForce
45,566,27,702,0,Normal
11,12,0,666,0,Malicious
89,209,48,103,1,BruteForce
12,974,44,1406,1,Botnet
61,14,3,978,1,Normal
81,633,6,958,1,Normal
88,418,48,1415,1,BruteForce
96,437,8,1221,1,Normal
59,377,35,530,0,BruteForce
42,20,18,1288,1,Normal
75,587,0,352,0,Normal
99,912,9,654,0,DoS
67,755,35,958,1,BruteForce
4,735,8,852,0,Malicious
36,70,44,979,0,BruteForce
71,824,45,1151,1,Botnet
91,211,41,1366,1,BruteForce
30,101,31,719,1,BruteForce
8,698,31,474,0,BruteForce
50,132,5,721,1,Normal
28,623,47,1198,1,BruteForce
77,381,37,1113,1,BruteForce
39,132,16,1495,1,Normal
40,20,9,379,0,Normal
85,906,49,386,1,Botnet
10,536,26,685,0,Malicious
22,227,49,1410,1,BruteForce
0,154,34,688,0,BruteForce
45,805,20,284,0,Normal
20,742,24,148,0,Normal
89,469,27,572,1,Normal
35,822,46,1153,0,BruteForce
53,871,14,335,1,Botnet
86,405,3,151,1,Normal
56,202,28,1240,1,Normal
0,38,8,382,1,Malicious
62,942,26,140,1,Botnet
53,772,25,668,0,Normal
54,188,18,1464,1,Normal
39,57,27,67,0,Normal
14,941,16,976,0,DoS
20,20,42,97,0,BruteForce
46,273,40,336,0,BruteForce
72,119,41,173,0,BruteForce
52,583,49,1394,0,BruteForce
8,516,19,288,0,Malicious
73,221,44,1060,1,BruteForce
51,526,39,589,0,BruteForce
56,515,38,941,1,BruteForce
25,728,48,1138,0,BruteForce
40,741,22,873,0,Normal
34,336,46,1231,0,BruteForce
62,698,31,810,0,BruteForce
24,55,46,1418,1,BruteForce
89,500,32,1288,1,BruteForce
74,900,45,185,1,Botnet
37,888,4,1304,0,Normal
1,766,42,932,0,BruteForce
6,536,47,383,0,BruteForce
81,162,33,1098,1,BruteForce
90,670,39,741,0,BruteForce
33,594,10,40,1,Normal
90,915,49,192,1,Botnet
16,159,2,468,0,Malicious
42,188,32,547,0,BruteForce
58,60,10,1189,1,Normal
50,915,15,530,1,Botnet
53,817,17,384,1,Botnet
23,319,29,260,0,Normal
24,878,47,762,0,BruteForce
70,211,9,1088,0,Normal
51,406,17,567,0,Normal
69,664,37,1245,0,BruteForce
87,109,18,880,0,Normal
32,76,35,1105,1,BruteForce
48,542,12,520,1,Normal
28,314,45,969,1,BruteForce
62,998,2,911,0,DoS
21,117,9,1465,1,Normal
25,927,37,384,0,BruteForce
27,868,0,84,0,Normal
84,704,26,60,1,Normal
48,19,45,1133,0,BruteForce
70,432,7,912,1,Normal
80,685,45,87,1,BruteForce
83,740,41,590,0,BruteForce
48,350,16,326,1,Normal
19,183,8,1041,1,Malicious
85,113,5,1073,1,Normal
91,183,42,581,1,BruteForce
62,481,24,795,0,Normal
60,146,38,313,1,BruteForce
48,831,48,995,1,Botnet
70,628,27,639,1,Normal
0,113,32,420,0,BruteForce
95,763,36,1392,1,BruteForce
12,476,8,518,0,Malicious
93,763,17,54,1,Normal
86,303,20,555,1,Normal
50,971,1,230,1,Botnet
55,825,42,1231,0,BruteForce
82,118,37,660,0,BruteForce
61,813,39,1200,0,BruteForce
31,161,35,193,0,BruteForce
29,401,49,1451,0,BruteForce
28,198,42,1272,0,BruteForce
48,260,36,311,1,BruteForce
44,660,14,182,0,Normal
92,752,27,1132,1,Normal
29,47,17,286,0,Normal
15,987,33,1324,0,BruteForce
39,399,21,827,0,Normal
18,710,10,118,1,Malicious
17,559,12,662,0,Malicious
0,78,3,564,0,Malicious
77,124,21,811,1,Normal
46,75,6,977,1,Normal
65,871,42,1393,1,Botnet
91,137,23,1252,1,Normal
93,602,3,1158,0,Normal
37,400,27,656,1,Normal
50,837,14,1071,0,Normal
62,505,0,106,0,Normal
3,500,2,230,1,Malicious
0,573,13,1429,0,Malicious
7,138,37,807,1,BruteForce
28,50,49,560,0,BruteForce
54,771,0,1029,1,Normal
2,973,37,1180,1,Botnet
31,619,37,306,1,BruteForce
9,625,20,524,1,Malicious
73,862,47,1361,1,Botnet
82,254,28,1227,1,Normal
33,630,4,415,0,Normal
96,710,48,692,0,BruteForce
86,849,9,1331,0,Normal
54,877,27,588,1,Botnet
91,563,20,1137,0,Normal
31,757,49,112,1,BruteForce
49,915,6,347,0,DoS
6,426,2,238,0,Malicious
92,547,44,1193,1,BruteForce
7,302,46,611,0,BruteForce
64,922,19,830,0,DoS
56,581,18,1214,0,Normal
66,349,34,1269,1,BruteForce
87,832,3,218,0,Normal
86,933,4,236,1,Botnet
58,980,0,774,0,DoS
71,49,3,128,0,Normal
53,917,11,838,0,DoS
66,74,26,1497,0,Normal
50,704,41,827,1,BruteForce
96,261,22,787,0,Normal
91,356,24,1246,1,Normal
7,582,20,248,1,Malicious
33,602,23,532,0,Normal
34,260,24,1193,0,Normal
95,638,44,704,1,BruteForce
87,743,45,1076,1,BruteForce
77,295,31,910,0,BruteForce
31,931,31,771,0,BruteForce
45,641,4,1169,0,Normal
15,792,35,1438,0,BruteForce
67,313,45,737,0,BruteForce
36,612,41,1162,1,BruteForce
53,838,48,633,0,BruteForce
84,809,41,925,0,BruteForce
13,182,38,891,1,BruteForce
94,686,15,1255,0,Normal
54,828,32,364,0,BruteForce
47,364,48,1018,1,BruteForce
81,188,20,995,0,Normal
6,569,8,933,1,Malicious
73,543,5,1430,0,Normal
6,596,44,1381,0,BruteForce
32,664,34,183,0,BruteForce
22,985,38,423,1,Botnet
84,548,21,255,1,Normal
18,725,40,1424,1,BruteForce
18,926,4,363,1,Botnet
35,408,41,1078,0,BruteForce
28,876,22,256,1,Botnet
59,618,16,990,1,Normal
81,414,11,222,1,Normal
1,342,22,309,0,Malicious
0,220,15,984,0,Malicious
46,903,2,909,1,Botnet
68,163,29,506,1,Normal
19,951,21,344,0,DoS
10,220,8,1207,1,Malicious
1,270,28,150,1,Malicious
66,632,46,1053,1,BruteForce
86,906,36,271,1,Botnet
11,848,22,634,0,Malicious
19,400,12,1336,0,Malicious
4,182,31,212,0,BruteForce
36,991,45,1012,1,Botnet
37,618,46,1070,1,BruteForce
93,729,47,1218,0,BruteForce
8,205,22,585,0,Malicious
97,582,44,587,0,BruteForce
52,556,16,557,1,Normal
43,841,39,953,0,BruteForce
98,813,20,254,1,Botnet
85,228,1,173,1,Normal
23,696,36,324,0,BruteForce
80,619,5,1189,0,Normal
73,596,43,725,1,BruteForce
29,850,17,1215,0,Normal
58,250,29,370,0,Normal
86,875,21,1446,1,Botnet
95,441,32,1178,1,BruteForce
80,533,29,933,1,Normal
80,196,16,1347,1,Normal
13,690,42,938,1,BruteForce
8,929,31,1138,0,BruteForce
39,987,41,1229,1,Botnet
65,519,13,1252,1,Normal
24,70,9,117,1,Normal
72,639,46,986,0,BruteForce
21,399,35,727,1,BruteForce
3,978,33,60,1,Botnet
25,672,8,605,1,Normal
57,760,41,1247,0,BruteForce
28,203,27,1285,1,Normal
97,148,10,866,1,Normal
86,472,13,1391,1,Normal
36,655,38,218,0,BruteForce
74,944,46,1175,0,BruteForce
69,199,18,1122,0,Normal
17,917,14,1390,0,DoS
84,426,27,944,1,Normal
41,666,23,708,1,Normal
99,492,7,230,0,Normal
40,888,42,1263,0,BruteForce
37,896,8,1375,1,Botnet
33,142,46,747,1,BruteForce
16,313,32,1098,0,BruteForce
36,165,32,418,0,BruteForce
24,314,18,426,0,Normal
75,21,2,276,0,Normal
86,82,9,655,1,Normal
85,581,39,322,0,BruteForce
84,131,46,40,0,BruteForce
26,599,41,503,1,BruteForce
56,730,0,1293,1,Normal
30,933,28,1006,1,Botnet
5,984,49,211,1,Botnet
90,305,33,1150,1,BruteForce
39,915,12,1186,0,DoS
97,371,0,882,0,Normal
11,857,33,1361,0,BruteForce
52,853,28,729,1,Botnet
70,384,47,614,0,BruteForce
9,908,46,204,1,Botnet
44,445,12,422,0,Normal
16,425,47,248,0,BruteForce
25,161,48,1495,1,BruteForce
84,178,28,1452,1,Normal
91,629,38,263,0,BruteForce
61,708,23,42,0,Normal
45,895,25,411,0,Normal
63,490,16,650,0,Normal
1,327,6,155,0,Malicious
53,598,12,1333,1,Normal
64,289,4,486,1,Normal
50,593,25,1431,1,Normal
52,664,48,1316,1,BruteForce
35,573,2,1380,0,Normal
25,573,6,454,0,Normal
28,354,48,1158,1,BruteForce
20,28,38,931,0,BruteForce
10,954,0,1087,1,Botnet
39,43,48,702,0,BruteForce
10,681,16,1113,0,Malicious
35,423,42,757,0,BruteForce
58,598,24,1398,1,Normal
38,177,2,1142,1,Normal
98,529,14,1090,1,Normal
53,610,28,310,1,Normal
97,966,42,601,0,BruteForce
54,494,31,843,0,BruteForce
23,198,25,286,0,Normal
21,610,15,426,0,Normal
68,577,24,741,1,Normal
55,842,27,598,0,Normal
32,853,8,1012,0,Normal
35,517,0,1424,0,Normal
19,514,28,1023,1,Malicious
82,22,21,391,1,Normal
98,112,15,1319,1,Normal
80,57,40,1285,0,BruteForce
61,66,43,792,1,BruteForce
97,842,40,820,0,BruteForce
72,98,6,1064,0,Normal
25,144,13,585,0,Normal
65,880,28,118,1,Botnet
72,435,18,1299,1,Normal
72,637,18,373,0,Normal
39,679,1,928,0,Normal
16,86,40,1412,1,BruteForce
0,588,44,1161,1,BruteForce
88,344,14,1145,1,Normal
60,936,2,541,0,DoS
42,294,10,804,0,Normal
41,956,45,960,0,BruteForce
24,571,29,589,1,Normal
38,650,39,53,1,BruteForce
34,611,17,431,1,Normal
2,704,47,1410,0,BruteForce
43,243,1,349,0,Normal
50,831,31,425,1,Botnet
93,561,7,1272,0,Normal
97,960,21,1420,1,Botnet
11,32,5,1013,0,Malicious
18,391,11,1157,1,Malicious
43,277,46,1156,0,BruteForce
58,532,39,379,0,BruteForce
48,154,35,636,1,BruteForce
60,383,14,796,1,Normal
16,68,27,1085,1,Malicious
73,878,48,330,1,Botnet
56,884,44,345,1,Botnet
54,214,17,673,0,Normal
46,655,1,1191,1,Normal
11,376,12,664,1,Malicious
61,744,44,978,1,BruteForce
79,213,14,1336,0,Normal
87,79,19,887,1,Normal
82,726,28,481,1,Normal
7,628,41,542,1,BruteForce
94,604,28,169,0,Normal
20,782,2,1195,0,Normal
80,923,18,636,1,Botnet
86,381,2,901,0,Normal
79,680,13,1453,1,Normal
69,58,39,632,0,BruteForce
71,796,3,1038,1,Normal
24,26,10,364,0,Normal
81,881,30,1132,1,Botnet
88,447,42,487,1,BruteForce
11,66,31,858,0,BruteForce
14,921,26,1228,1,Botnet
58,760,29,748,1,Normal
25,254,42,1489,1,BruteForce
25,899,1,304,1,Botnet
46,968,48,651,0,BruteForce
31,44,8,1405,1,Normal
9,97,27,871,0,Malicious
15,554,30,1341,0,Malicious
70,227,33,713,0,BruteForce
16,774,14,196,0,Malicious
22,679,47,1485,1,BruteForce
25,436,24,290,1,Normal
84,791,35,917,0,BruteForce
85,601,7,569,1,Normal
6,379,8,366,0,Malicious
13,178,36,1000,1,BruteForce
78,427,47,934,1,BruteForce
6,915,44,136,1,Botnet
8,709,38,552,0,BruteForce
47,307,31,255,0,BruteForce
71,779,16,1195,1,Normal
58,504,34,1323,0,BruteForce
86,268,36,164,0,BruteForce
92,586,18,1145,1,Normal
81,8,43,1346,0,BruteForce
94,920,28,98,1,Botnet
93,508,6,200,1,Normal
38,476,27,323,1,Normal
98,297,8,145,0,Normal
17,164,27,1168,1,Malicious
58,485,5,267,1,Normal
16,597,28,357,0,Malicious
13,72,16,841,0,Malicious
30,567,15,913,0,Normal
23,905,22,511,0,DoS
98,559,30,1119,1,Normal
59,911,2,664,0,DoS
44,944,20,52,0,DoS
97,238,25,1081,0,Normal
2,104,35,733,0,BruteForce
36,210,41,1012,1,BruteForce
42,554,36,152,0,BruteForce
39,828,21,268,1,Botnet
89,468,41,210,0,BruteForce
54,454,11,334,1,Normal
86,268,41,228,1,BruteForce
38,386,12,465,0,Normal
14,775,10,1016,1,Malicious
3,848,15,1142,0,Malicious
92,387,7,697,1,Normal
85,877,39,958,1,Botnet
24,259,39,1245,1,BruteForce
12,283,44,538,0,BruteForce
81,626,1,801,1,Normal
32,875,29,905,0,Normal
15,40,29,865,1,Malicious
41,486,11,110,1,Normal
65,929,9,287,1,Botnet
54,220,43,185,1,BruteForce
98,129,10,1359,1,Normal
41,520,14,621,1,Normal
33,613,15,509,0,Normal
29,928,16,232,0,DoS
12,892,25,1131,0,Malicious
12,688,1,533,1,Malicious
17,619,49,91,0,BruteForce
31,613,11,921,1,Normal
95,260,25,402,0,Normal
98,990,22,956,0,DoS
38,966,17,513,1,Botnet
45,366,31,560,1,BruteForce
28,758,48,1494,0,BruteForce
61,787,37,1361,0,BruteForce
92,544,46,1498,0,BruteForce
61,649,2,730,0,Normal
56,524,37,1261,1,BruteForce
15,907,2,1191,0,DoS
55,814,29,571,1,Botnet
9,887,0,1474,1,Botnet
29,16,29,879,0,Normal
24,129,44,1128,1,BruteForce
83,575,31,280,0,BruteForce
4,109,27,1432,1,Malicious
64,887,20,575,1,Botnet
93,533,45,1447,0,BruteForce
48,670,12,1494,1,Normal
2,269,26,122,1,Malicious
44,162,35,1021,0,BruteForce
13,260,6,990,1,Malicious
29,924,21,650,1,Botnet
67,102,9,613,0,Normal
17,506,38,325,0,BruteForce
61,735,14,1028,1,Normal
36,571,14,498,1,Normal
24,247,3,1275,1,Normal
47,640,31,165,0,BruteForce
64,795,22,1476,1,Normal
52,837,5,464,1,Botnet
78,537,23,593,1,Normal
72,131,19,649,1,Normal
14,353,36,1221,1,BruteForce
48,196,19,151,1,Normal
87,793,11,441,0,Normal
67,916,32,161,0,BruteForce
11,930,27,312,1,Botnet
58,666,7,1357,1,Normal
36,382,0,437,0,Normal
60,645,36,510,0,BruteForce
42,227,21,1024,0,Normal
69,701,5,1270,1,Normal
38,476,20,1173,1,Normal
55,477,31,1341,1,BruteForce
62,265,34,608,1,BruteForce
45,372,14,1177,0,Normal
87,486,4,936,0,Normal
10,434,45,859,0,BruteForce
61,646,49,892,0,BruteForce
76,211,47,749,1,BruteForce
97,572,5,360,1,Normal
24,940,24,218,0,DoS
70,377,45,936,0,BruteForce
51,395,39,258,0,BruteForce
3,450,28,828,0,Malicious
58,943,6,531,0,DoS
71,364,39,100,1,BruteForce
19,876,12,1117,1,Botnet
92,457,37,577,0,BruteForce
62,725,17,887,0,Normal
53,728,1,1027,0,Normal
73,226,7,104,1,Normal
97,982,10,625,1,Botnet
56,131,32,210,1,BruteForce
89,588,37,1336,0,BruteForce
40,476,47,574,1,BruteForce
2,798,26,1454,0,Malicious
5,986,19,732,1,Botnet
4,277,11,1390,1,Malicious
4,156,42,147,1,BruteForce
53,760,30,1225,0,Normal
46,218,26,853,0,Normal
86,190,31,1044,1,BruteForce
48,417,9,491,0,Normal
8,981,2,1269,0,DoS
98,675,44,629,0,BruteForce
19,692,26,1079,0,Malicious
60,546,34,366,0,BruteForce
34,41,30,647,0,Normal
49,307,14,698,0,Normal
81,943,15,41,1,Botnet
61,338,12,1073,0,Normal
16,314,48,473,0,BruteForce
87,75,34,164,1,BruteForce
2,953,10,1144,1,Botnet
31,279,20,524,1,Normal
98,176,10,691,1,Normal
12,896,29,1213,0,Malicious
88,662,47,839,1,BruteForce
72,273,34,912,1,BruteForce
67,837,21,1403,0,Normal
13,620,37,168,0,BruteForce
97,651,30,477,0,Normal
10,862,13,790,1,Botnet
55,783,23,540,0,Normal
66,859,49,1121,1,Botnet
91,931,48,1261,0,BruteForce
28,289,31,250,0,BruteForce
8,724,35,941,1,BruteForce
66,893,31,84,0,BruteForce
24,272,14,1160,0,Normal
97,930,42,1342,0,BruteForce
75,66,34,574,0,BruteForce
41,483,2,1473,0,Normal
8,936,15,500,1,Botnet
78,248,4,430,1,Normal
39,156,20,1107,0,Normal
24,47,9,66,1,Normal
4,935,18,833,1,Botnet
10,454,24,1160,1,Malicious
58,201,3,1014,0,Normal
97,660,28,587,0,Normal
87,124,18,660,0,Normal
78,1,42,606,1,BruteForce
37,968,1,743,1,Botnet
71,759,9,1282,0,Normal
4,855,42,224,0,BruteForce
47,640,24,1132,1,Normal
89,191,19,1193,1,Normal
17,579,47,887,0,BruteForce
69,516,18,638,1,Normal
36,442,22,845,1,Normal
59,921,23,1397,1,Botnet
47,815,10,1217,1,Botnet
76,806,45,118,1,Botnet
27,143,33,618,1,BruteForce
68,191,27,452,1,Normal
76,533,4,585,0,Normal
80,227,4,208,0,Normal
39,313,20,720,1,Normal
44,629,11,622,1,Normal
95,949,49,554,1,Botnet
61,302,3,1377,0,Normal
92,654,48,71,0,BruteForce
57,996,41,326,1,Botnet
66,460,19,633,0,Normal
55,401,37,1106,1,BruteForce
39,551,24,656,1,Normal
97,393,13,1064,1,Normal
39,867,10,309,1,Botnet
90,764,31,1243,1,BruteForce
76,845,10,557,1,Botnet
32,207,17,1166,1,Normal
5,210,26,1073,0,Malicious
87,115,17,622,1,Normal
18,737,22,1153,0,Malicious
79,646,10,265,1,Normal
39,251,20,709,1,Normal
91,219,43,956,0,BruteForce
96,407,4,165,0,Normal
58,443,22,995,1,Normal
58,603,40,1272,0,BruteForce
47,354,24,1160,1,Normal
40,888,40,113,1,Botnet
12,558,9,1254,0,Malicious
44,550,21,95,0,Normal
88,142,18,759,0,Normal
52,612,0,592,0,Normal
41,501,6,71,1,Normal
99,840,3,613,0,Normal
62,702,0,706,0,Normal
26,547,14,323,0,Normal
37,659,39,226,0,BruteForce
59,542,11,537,0,Normal
6,846,21,169,1,Botnet
4,507,21,678,1,Malicious
44,596,49,1355,0,BruteForce
57,881,46,153,0,BruteForce
30,281,16,1262,1,Normal
22,424,28,52,0,Normal
41,856,45,1334,1,Botnet
9,270,13,1278,1,Malicious
31,154,49,483,0,BruteForce
52,614,19,486,1,Normal
29,727,49,1025,0,BruteForce
38,662,47,1032,0,BruteForce
30,944,32,754,1,Botnet
81,83,42,113,1,BruteForce
99,622,14,576,0,Normal
1,947,11,140,1,Botnet
77,899,39,215,0,BruteForce
76,426,19,466,1,Normal
92,275,29,1180,1,Normal
11,713,37,1229,0,BruteForce
38,284,2,80,0,Normal
65,980,27,468,0,DoS
95,173,25,383,1,Normal
12,327,29,1487,0,Malicious
45,718,12,405,0,Normal
26,63,12,1183,1,Normal
16,73,1,648,1,Malicious
94,763,36,696,0,BruteForce
97,636,48,767,0,BruteForce
59,375,37,268,0,BruteForce
63,633,1,864,0,Normal
87,508,35,1193,1,BruteForce
34,787,25,1415,1,Normal
69,943,10,928,0,DoS
82,398,7,1381,0,Normal
29,120,43,1023,0,BruteForce
70,934,39,875,1,Botnet
73,437,42,1400,0,BruteForce
95,829,21,1336,0,Normal
97,676,19,156,1,Normal
62,936,7,857,1,Botnet
27,465,28,407,0,Normal
59,286,39,1157,0,BruteForce
78,265,25,207,1,Normal
93,320,29,993,0,Normal
36,673,16,1404,0,Normal
92,376,19,700,1,Normal
21,820,15,734,1,Botnet
67,89,45,964,1,BruteForce
19,654,42,191,0,BruteForce
95,203,6,625,1,Normal
99,821,15,952,1,Botnet
67,739,44,313,0,BruteForce
90,955,46,535,0,BruteForce
63,334,47,140,1,BruteForce
16,222,26,596,1,Malicious
11,41,22,1145,0,Malicious
21,708,23,112,0,Normal
16,68,8,1077,1,Malicious
9,988,34,1496,1,Botnet
64,776,19,196,0,Normal
21,514,36,774,1,BruteForce
89,873,41,171,0,BruteForce
81,637,16,1401,1,Normal
49,622,46,1058,0,BruteForce
13,598,30,1467,0,Malicious
63,937,7,1439,1,Botnet
46,632,14,598,1,Normal
28,127,30,146,0,Normal
75,255,29,304,1,Normal
35,695,45,1268,1,BruteForce
98,16,19,1142,1,Normal
51,477,38,194,0,BruteForce
75,62,11,1027,1,Normal
6,881,48,1036,1,Botnet
28,432,16,286,0,Normal
10,670,41,570,1,BruteForce
32,268,29,897,1,Normal
5,35,28,577,0,Malicious
78,779,18,768,0,Normal
31,576,45,1217,1,BruteForce
50,494,10,193,1,Normal
74,562,33,131,0,BruteForce
57,469,49,1496,0,BruteForce
86,767,6,377,1,Normal
25,661,43,1194,1,BruteForce
97,325,33,489,1,BruteForce
45,304,19,849,0,Normal
97,276,49,826,1,BruteForce
28,869,37,312,0,BruteForce
3,963,23,627,0,DoS
80,684,9,216,0,Normal
98,929,31,870,1,Botnet
12,201,14,682,1,Malicious
38,445,36,1112,1,BruteForce
14,905,19,606,0,DoS
28,324,2,705,1,Normal
28,35,36,1418,0,BruteForce
74,977,39,1371,0,BruteForce
31,482,7,907,0,Normal
1,728,39,1109,0,BruteForce
46,480,43,341,0,BruteForce
77,65,22,907,0,Normal
83,8,39,951,1,BruteForce
21,301,10,447,0,Normal
74,343,45,1252,1,BruteForce
26,431,7,861,0,Normal
66,424,28,1192,1,Normal
80,332,29,600,1,Normal
55,438,9,1329,1,Normal
91,588,38,1181,1,BruteForce
92,174,27,503,0,Normal
20,559,48,183,0,BruteForce
46,527,35,481,0,BruteForce
79,873,12,1263,0,Normal
58,659,31,1220,1,BruteForce
83,26,35,526,1,BruteForce
5,820,36,899,1,Botnet
18,605,25,1197,0,Malicious
56,406,21,187,1,Normal
68,232,3,1399,0,Normal
2,533,30,1134,1,Malicious
0,819,17,1296,1,Botnet
57,550,37,1397,1,BruteForce
37,788,23,850,1,Normal
14,505,22,705,1,Malicious
33,669,21,129,0,Normal
60,179,1,1397,1,Normal
34,132,30,238,0,Normal
63,823,10,1224,0,Normal
24,455,27,577,0,Normal
23,348,45,1184,0,BruteForce
11,540,31,340,0,BruteForce
17,772,4,763,0,Malicious
14,406,37,1002,0,BruteForce
79,76,9,1499,0,Normal
26,941,39,107,1,Botnet
71,579,45,498,1,BruteForce
59,854,23,437,0,Normal
45,492,34,659,0,BruteForce
88,194,43,1349,0,BruteForce
16,984,47,1203,1,Botnet
92,162,22,769,1,Normal
52,347,16,595,0,Normal
7,951,0,820,0,DoS
78,361,30,933,1,Normal
26,769,30,649,1,Normal
45,584,41,787,0,BruteForce
49,87,41,321,0,BruteForce
70,934,33,700,0,BruteForce
2,262,8,963,0,Malicious
92,214,21,1035,1,Normal
63,665,12,785,1,Normal
43,722,24,126,0,Normal
52,913,47,1142,0,BruteForce
23,573,17,1268,0,Normal
59,780,11,830,1,Normal
2,262,39,1400,0,BruteForce
19,730,16,1317,0,Malicious
45,283,14,343,0,Normal
14,648,41,1443,1,BruteForce
24,467,14,169,0,Normal
93,380,14,635,1,Normal
77,362,38,1339,0,BruteForce
70,449,12,597,0,Normal
16,441,16,938,0,Malicious
83,93,31,1246,1,BruteForce
99,621,8,1331,0,Normal
8,753,39,1385,0,BruteForce
37,867,19,117,1,Botnet
47,424,25,823,1,Normal
59,142,26,1402,1,Normal
62,291,20,713,0,Normal
85,432,17,277,1,Normal
1,749,12,1197,0,Malicious
87,852,15,1255,1,Botnet
71,824,8,1419,1,Botnet
10,689,11,317,1,Malicious
63,653,43,1081,0,BruteForce
76,701,37,563,0,BruteForce
80,998,18,219,0,DoS
71,49,6,162,0,Normal
20,302,34,1309,0,BruteForce
17,881,47,1436,0,BruteForce
93,190,17,1114,0,Normal
63,136,15,1134,0,Normal
81,555,38,519,0,BruteForce
94,404,3,1082,1,Normal
37,892,24,123,1,Botnet
31,865,31,1218,0,BruteForce
10,602,39,604,0,BruteForce
44,807,12,658,0,Normal
88,341,44,396,0,BruteForce
32,757,16,855,1,Normal
40,945,48,686,1,Botnet
7,704,36,482,0,BruteForce
10,318,5,1132,1,Malicious
85,618,18,562,1,Normal
50,363,12,182,0,Normal
87,822,25,231,0,Normal
40,382,13,1450,0,Normal
16,233,30,417,0,Malicious
